 Year,Month,PHX_MeanMax,PHXMeanMin,NYC_MeanMax, NYC_MeanMin,LAX_MeanMax, LAX_MeanMin
1922,1,61.7,35.5,34.4,21.9,62.3,44.5
1922,2,67.8,41.1,40.9,26.3,61.1,46.9
1922,3,70.3,43.6,48.8,33.2,63.6,47.5
1922,4,77.9,48.6,60.7,42.2,66,49.3
1922,5,93.3,59,75.1,54,71.8,53.3
1922,6,103.3,69.2,79.9,63.6,77.8,57.6
1922,7,104,77.2,82.1,65.3,78.9,60.1
1922,8,102.4,76.4,80.5,64.2,83.5,63.1
1922,9,99.3,70.8,76.8,59.5,84.3,61.9
1922,10,88.1,55.2,66.9,49.4,75.1,55.6
1922,11,70.7,39.2,52.4,39,68.8,50.8
1922,12,67.4,42.7,39.5,27.6,65.5,51.1
1923,1,70.2,40.7,36.3,23.6,66.8,49.4
1923,2,68.1,42.1,32.3,20.3,65.8,47.5
1923,3,72.7,45.1,45.3,28.3,71.2,50.7
1923,4,80.7,52.5,60,40.6,65,51.7
1923,5,94.1,61.2,70.1,49.9,73.8,55.4
1923,6,98.3,63.3,83.7,63,71.9,55.3
1923,7,101.8,76.7,82.9,64.6,79.5,60.6
1923,8,99,75.5,82,63.1,78.4,60.8
1923,9,94.3,66.1,76.4,60.1,79.4,61.4
1923,10,83.8,50.8,64.4,47.6,76.5,57.2
1923,11,71,47.2,51.8,38.6,76.1,56.8
1923,12,61.8,42.3,47.4,36.6,67.4,50.2
1924,1,65.6,35.1,40.4,24.9,69,48
1924,2,74.9,42.7,34.9,22.8,72.8,52.3
1924,3,70,43.2,46,32.3,64.4,48.4
1924,4,79.6,50.6,57.2,41,68.2,52.6
1924,5,95,62.5,64.8,49.7,72.7,56.8
1924,6,104.9,70.1,76.7,58.9,78,58.4
1924,7,103,77.5,83.5,64.7,78.8,60
1924,8,103.4,75.5,83.2,65.3,78.6,59.6
1924,9,100.6,70.5,72.9,55.3,80.6,59.3
1924,10,88.2,54.1,66.5,47.6,71.9,53.3
1924,11,80.1,45.4,51.3,37.4,74.5,53.7
1924,12,61.8,39.5,40.6,27.3,64.1,47
1925,1,67.8,36.1,34.8,22,66.7,48.5
1925,2,76.4,44.9,44.8,30.9,65.9,49.5
1925,3,81,48.6,52.5,35.8,67.8,49.9
1925,4,86.8,54.9,60.7,42.9,68.3,51.6
1925,5,96.6,65.8,69.1,50,70.5,55.3
1925,6,100.5,72,84.1,64.5,76,58.9
1925,7,105.9,79.5,82.2,64.9,81.6,62.9
1925,8,100,74.4,82.6,64,79.4,60.4
1925,9,95.5,65.3,77.1,60.5,78.8,59.5
1925,10,81.4,55.6,57.8,43.4,73.3,56.8
1925,11,72.9,42.8,50.4,37.4,71.3,53.4
1925,12,67.2,39.7,40.6,29,72.4,54.1
1926,1,63.9,34.8,38.2,25.7,68.6,50.2
1926,2,73.6,42.7,35.7,22.7,70.1,52.4
1926,3,77.1,50.9,43.5,27.9,70.8,55.3
1926,4,80.3,56.8,55.5,39.1,70.3,56.5
1926,5,91.1,60.4,69.6,50.5,73.7,57
1926,6,102.8,71.2,76.1,57.4,75.3,59.2
1926,7,103,76.3,84.5,65.6,79.2,60.5
1926,8,102.6,75.2,81.3,66.6,82,63.2
1926,9,97,69.8,73.2,58.1,77.1,58.8
1926,10,89.1,57.9,63.1,47,77.8,57.4
1926,11,77.8,45.5,52,37.8,76.9,57
1926,12,62.4,40.4,35.3,22.5,63.7,48.5
1927,1,70.7,41.7,37.8,24,65.1,49.4
1927,2,70.4,47.1,41.9,30.9,62.8,50.4
1927,3,72.9,45.3,50.9,35.1,65,49.8
1927,4,82.2,52.4,57,40.1,67.7,51.3
1927,5,92.6,59.5,66.7,51.2,73.1,54.6
1927,6,99,68.4,76.3,58.3,73.3,56.7
1927,7,105.1,77.5,81.7,66.2,82.7,61.5
1927,8,100.3,75.4,75.7,61.2,80.4,60.3
1927,9,95.7,69.5,76.7,59.1,76.9,59.9
1927,10,87.9,55.1,67.2,51.9,77,57.8
1927,11,78.2,48.3,55.8,42.5,74.9,56.6
1927,12,63,38.8,43.3,30.1,63.6,48.9
1928,1,69.2,37.2,41,26.9,71.5,51.4
1928,2,69,41.2,40.1,25.9,69.3,50.8
1928,3,78.6,49.6,45.9,31.6,68.6,52.6
1928,4,83.3,52.1,56.9,39.8,72.3,52.2
1928,5,93.7,65.2,67.6,51.1,71.4,57
1928,6,101.1,70.1,74.8,60,72.9,57.9
1928,7,105.4,78.2,84.2,67.6,78.6,59.8
1928,8,101.4,75.4,82.3,68.4,79.3,60.9
1928,9,100,70.5,71.5,57.9,82.1,59.9
1928,10,87.1,58,67,50.6,72.5,54.9
1928,11,73.8,46.6,53.3,41.4,72.5,53.9
1928,12,64.8,38,45,33.6,67.9,49.8
1929,1,62.8,37.4,38.8,25,62.8,47.7
1929,2,65.9,40.1,39.3,26.5,62.5,46.4
1929,3,74.6,46.1,53.8,36.4,66,48.5
1929,4,80.8,51.6,58.3,43.6,65,49.8
1929,5,93.8,62.2,71,52.4,73.7,56.3
1929,6,103.5,69.4,80.7,62.1,77.6,59.5
1929,7,103.8,80.2,85.2,66.6,80.7,63.5
1929,8,102.2,77.1,82,64.2,85.6,66
1929,9,97.3,70.7,78,60.9,78.3,62
1929,10,89.7,59.8,62.3,47,79.8,60.4
1929,11,74.1,41.7,51.7,40.7,77.2,54.5
1929,12,72.7,40,41.6,29.9,73.3,54.1
1930,1,62.4,41.6,39.5,27,63.3,48.7
1930,2,75.6,44.9,44.9,29.1,68.5,50.4
1930,3,74,47.3,47.7,32.8,69,52.6
1930,4,86.6,57.7,56,40.8,72.1,55.1
1930,5,86,57.4,73.3,54.4,70.4,53.2
1930,6,102.3,71.3,82,65,75.9,59.2
1930,7,103.5,79.1,85.2,67.6,83,62.5
1930,8,102.6,76.7,81.7,65.4,82.6,65.1
1930,9,96.7,67.8,79.8,64.1,75.8,60
1930,10,86.6,54.1,63.3,47.8,78.9,58.5
1930,11,73.6,46.8,51.5,39.4,75.8,56.5
1930,12,66.8,37.5,39.3,29.9,70.7,49.5
1931,1,67.9,37.9,39.2,26.3,69.2,51.2
1931,2,67.8,47.9,41.3,26.4,68.4,53
1931,3,77.5,48,46,34.6,76,55.9
1931,4,86,58.7,59.1,43,74.8,57.1
1931,5,96.2,64.8,69.9,53,75.4,59.6
1931,6,101.3,72.6,79.3,62.1,78.9,62.1
1931,7,107.5,82.8,85.3,69.6,86.1,68.4
1931,8,101,77.6,82.9,67.5,84.9,67.3
1931,9,98.9,72.9,81.3,63.3,80.8,62.2
1931,10,88.1,57.6,69.9,52.6,77.9,59.6
1931,11,68.5,45.9,58.1,45.7,67.4,50
1931,12,61.9,37.5,48,33.9,62.6,47.3
1932,1,60.3,33.8,48.6,37.7,61.5,45.1
1932,2,68,45.5,42.9,29.3,64.6,48.4
1932,3,76.1,47.7,44.5,30.1,71.5,52.8
1932,4,84.9,53.6,57.5,40.5,72.5,52.8
1932,5,92.9,61.6,70.8,53.3,71.5,55.7
1932,6,100.9,68.6,79.8,61.2,74.7,57.7
1932,7,104.2,79.5,85.4,66.8,78.3,59.9
1932,8,105,79.2,85.3,68,78.8,60.3
1932,9,101.7,72.4,78.6,60.2,76.6,60
1932,10,85.5,57.5,65.5,51.3,75.6,58.9
1932,11,80.2,45.7,50.8,37.1,79.9,58
1932,12,60.2,38.3,45.3,32.9,63.5,46.9
1933,1,61.5,36.1,46.7,33.9,62.7,46
1933,2,63.5,35.7,41.4,26.8,65.6,46.5
1933,3,77,46.8,44.5,32.2,69.5,49.9
1933,4,79.1,50.3,57.9,42.9,67.2,51
1933,5,87.6,57.5,72.8,55.9,68.6,52.2
1933,6,102.7,72.6,81.7,63.1,74.3,55.7
1933,7,107.5,82.5,84.5,67.1,78.5,60.3
1933,8,105.3,79.5,82.1,67.5,79.4,60.6
1933,9,99.9,73.8,76.9,62.2,72.8,56.3
1933,10,90.5,62.9,64.8,47.5,75.8,57.6
1933,11,79.4,46,48.3,35.3,78.1,54.9
1933,12,69,40.3,39.7,25.6,65.9,48.9
1934,1,69.2,39.8,40.8,28.5,70.6,50.2
1934,2,74.6,47.1,28.3,11.5,67.1,51.9
1934,3,85.6,54.3,45.9,28.7,75.8,55.2
1934,4,90,59.6,58.4,42.1,73.4,55.9
1934,5,98.9,67.6,73.3,54,76.6,58.4
1934,6,98.9,68.6,82.6,64.9,72,58.5
1934,7,106.8,81.3,86.3,69.1,81.5,63.1
1934,8,101.1,78.9,79.9,64.1,80.3,61.9
1934,9,99,70.6,76.2,62.2,82.5,62.9
1934,10,91.5,59.5,61.9,47,76.6,58.4
1934,11,75.7,47.2,55.1,42.6,70.7,54.8
1934,12,68.4,43.5,40,26.8,68.6,52.9
1935,1,65.5,42.2,36.1,21.6,65.3,48.7
1935,2,69.6,46.2,38.2,24.1,68.3,51.8
1935,3,69.9,45.3,52,34.7,63.2,47.4
1935,4,82.9,56,57.1,42.1,68.5,52.9
1935,5,88,60.2,69.2,50.5,69.3,54.6
1935,6,105.5,72.8,79,61.1,74.7,58.1
1935,7,105.5,78.4,85.2,69.2,80.5,61
1935,8,100.1,76.8,82.8,66.5,83.4,64.6
1935,9,97.9,71.2,73.6,57,78.7,61
1935,10,88,57.2,66.2,48.6,75.6,58.3
1935,11,71,43.4,54.3,42.9,70,51.6
1935,12,67.2,41.4,35.1,24.8,68.3,50.5
1936,1,67.2,38.5,35.3,23.3,67.7,51
1936,2,68.2,44.5,32.4,19,63.6,49.4
1936,3,79.3,50.3,52.7,37.6,67.4,50.7
1936,4,88.7,57.5,55.2,40.4,69.2,52.1
1936,5,98.2,65.2,74.9,53.7,73.9,57.3
1936,6,105.6,75,77.7,61.8,77.9,60
1936,7,106.1,80.2,86,66.4,83,65.2
1936,8,103.2,79,84.3,66.5,82.7,64.1
1936,9,97,70.1,75.9,60.4,79.6,61.4
1936,10,87.1,59.2,65,49.8,76.4,58.5
1936,11,75.5,48.1,50.2,35.1,78.4,57.1
1936,12,65.7,40.6,45.9,31.3,67.1,50.2
1937,1,54.4,31.9,46.7,33.7,55.2,40.3
1937,2,68,41.4,41.7,27.9,63.3,47.5
1937,3,72.9,46.9,42.7,30.3,66.9,50.1
1937,4,83.2,52.1,57.1,42.1,71.8,52.8
1937,5,94.8,62.3,74.2,54.2,71.2,56.7
1937,6,100.9,69.7,80.6,63,76,59.6
1937,7,105,78.5,85.3,67.7,80.4,62.3
1937,8,104.8,79.6,84.7,68.5,80.9,62.3
1937,9,99.9,73.9,74.8,57.2,81.8,63
1937,10,91.1,58.6,62.2,48,77,58.1
1937,11,77.9,46.7,52.9,39.9,70.1,53.3
1937,12,69.7,44.1,40.8,30,70.6,53.2
1938,1,68.8,41.2,38.3,25.9,70.4,52
1938,2,67.9,44.9,42.7,28.1,64.2,49.3
1938,3,71.9,46.8,52.4,35.9,65.5,50
1938,4,84.4,53.6,62.1,45.1,69.8,53.3
1938,5,91.5,61,69.4,52.1,71.6,55
1938,6,101.4,70.2,78.9,61.7,73,57.4
1938,7,103.8,76.8,83.9,69.2,78.7,60.4
1938,8,103,76.8,86.9,69.3,83.6,64.2
1938,9,101.2,72.4,73.6,58.3,84.3,63.8
1938,10,87.2,56.1,68,51.6,76.1,57.3
1938,11,71.9,40.1,55.5,41.1,73.4,52
1938,12,69,42.8,42.6,31.3,71.3,53.3
1939,1,64.6,40.3,37.8,26.5,64.8,49.3
1939,2,60.5,36.6,44.9,29.1,62.2,45.9
1939,3,77.2,47.5,46.6,31.8,64.2,49.3
1939,4,86.7,55.8,55.3,41.1,71.7,54.4
1939,5,94.7,62.8,74.5,55.3,71.7,55.6
1939,6,101.9,69.9,81.8,64.1,75.7,58.1
1939,7,105.5,79,85.1,68.1,79.6,61.7
1939,8,102.4,77.9,85.4,70.7,82.5,63.6
1939,9,94.2,70.7,76.9,60.3,86.5,66.8
1939,10,86.9,54.6,65.6,48.9,82.2,61
1939,11,77.8,50.8,50.3,37,76.9,57.3
1939,12,72.3,42.8,42.9,30.9,74.2,53.9
1940,1,68.8,42.5,31,18.9,67.4,52.2
1940,2,69.6,44,38.9,26.8,67.2,51.5
1940,3,79.2,50.5,41,29.2,70.2,52.3
1940,4,84,56,53.9,39.6,72.2,54.7
1940,5,97,66,68,53.3,75.3,56.6
1940,6,103.8,74,79.1,61.6,74.8,57.2
1940,7,106.1,76.9,85.7,66.7,81.6,59.7
1940,8,103.9,78.1,79.1,63.6,80.7,60.4
1940,9,97.8,72.5,75.7,57.5,79.7,59.6
1940,10,87.2,59.8,62,45.5,78.7,57.9
1940,11,72.6,45.2,51.2,39.4,73.2,53.5
1940,12,67.6,45.9,44.9,31.9,69.6,52.9
1941,1,65.6,44.1,35.6,23.2,65.4,49.8
1941,2,68.7,48.4,37.3,24.9,65.9,51.7
1941,3,71.8,47.8,43.9,28,68.9,52.2
1941,4,75.6,50.3,66.5,47,67.2,51
1941,5,90.9,62,75.5,53.9,78,57.8
1941,6,98.5,67.2,80.8,63,74.9,57.1
1941,7,103.7,76.2,83.9,67.7,81.5,59.9
1941,8,100.3,74,83.8,64.2,80.3,62
1941,9,95.5,65.8,80.4,59.6,77.7,58.2
1941,10,81.5,54.9,69,52.4,75.5,56.4
1941,11,77.4,46.8,57.2,42.8,75.8,54.9
1941,12,65.6,42.6,44.6,32,64.8,49.2
1942,1,67.7,41,37.5,23.9,67.9,49.5
1942,2,66.4,39.2,36.5,22.8,64.9,46.5
1942,3,74.2,44,49.5,36.5,68.9,48.7
1942,4,80,52.6,63.6,44,67.3,51.5
1942,5,91.5,58.8,73.8,56.8,72.2,53.5
1942,6,101.8,68.1,79.5,62.5,74.2,57.6
1942,7,106.5,78.9,85.1,67.5,82.5,61
1942,8,101.4,76.3,81.3,65.9,81.2,60.8
1942,9,100.1,69.9,77.1,59.4,78,57.7
1942,10,86.2,58.4,66.3,51.2,77,58.3
1942,11,78.9,48,54,40,73.6,53.4
1942,12,69.8,42,38,24.1,68.2,49.4
1943,1,65.7,41.3,37.2,24.3,66,49.3
1943,2,73.9,45,42.1,27,70,50.2
1943,3,77.7,50.1,48.3,32.1,66.4,51.2
1943,4,87.5,56.1,54.9,37.2,70.2,52.6
1943,5,94.3,63.6,71.4,53.7,74.8,56.2
1943,6,98.8,69.9,84.6,67.7,76.4,56.3
1943,7,105.4,78.5,85.5,68.2,81.1,60.3
1943,8,99.3,77.4,85.3,66.5,82,60.6
1943,9,100.2,70.9,76.3,58.4,82.1,59.2
1943,10,87.1,58.6,63.3,48.3,76.3,56.9
1943,11,78.1,45.5,52.6,38.1,76,53.9
1943,12,65.1,42.4,40.5,25.5,64.8,48.9
1944,1,65.2,38.3,40,27.8,66,48.4
1944,2,63.8,41.7,40.1,26.2,61.9,45.4
1944,3,71.5,44.4,44.5,30.6,69.2,50.1
1944,4,78.2,51.4,57.1,40.6,67.6,50.1
1944,5,90.2,61,76.6,57.4,70.9,53.9
1944,6,97.2,65.3,81.3,63.2,71.6,55.1
1944,7,104.4,75.4,89.2,69.5,76,57.2
1944,8,104.8,77.2,88,67.6,82.5,60.1
1944,9,97.1,70.9,77.8,62.3,78.7,59.8
1944,10,89.9,59.9,65.5,48.6,74.4,55.1
1944,11,70.3,45.8,52.4,39.5,66.6,51.3
1944,12,67.5,40.5,38.3,26.4,68.7,51.3
1945,1,64.1,39.7,32.5,17.9,65.5,47.4
1945,2,69.2,43.3,40.6,27.2,64.4,49.1
1945,3,69.3,44.7,60.1,42.1,63.1,45.7
1945,4,82,50.8,64.4,46.7,68.2,50.5
1945,5,91.5,60.9,67.8,50.6,71,52.8
1945,6,98.6,66.5,79.6,62.1,72.2,56.9
1945,7,103.9,77.9,81.7,67.4,80.5,61.4
1945,8,102,77.8,82.1,64.7,84,62.6
1945,9,99.1,71,78.2,62.4,83.2,63.1
1945,10,88.5,61.4,64.4,48,75.7,58.5
1945,11,75.4,43.2,54.4,40.7,72.1,51.2
1945,12,64.7,37.8,36.5,25.4,65.7,48.6
1946,1,63.2,39.5,41.2,27,67.7,47.9
1946,2,69.5,38.7,39.1,24.3,64.5,45
1946,3,77.1,46.9,58.9,40.7,66.8,48.1
1946,4,88.7,58.4,59.3,41.5,71.6,52.3
1946,5,91.9,61.9,71.1,52.7,68.4,53.8
1946,6,104.1,71.4,79.1,60.2,79.1,58.3
1946,7,103,77.8,84.1,66.7,81.9,61.7
1946,8,101.9,77.7,78.9,62.9,83.2,61.4
1946,9,97.5,71.8,78.8,60.8,84.2,61.9
1946,10,81,54.3,70.5,52.9,74.7,54.3
1946,11,69.1,42.8,57.6,43.3,67.8,49.7
1946,12,69.1,42.4,45.3,30.9,64.3,48.5
1947,1,64,37,44.1,30.2,66,45.8
1947,2,75.2,45,36.5,22,69.9,49.8
1947,3,77.7,49.5,44.4,31.2,69.3,51.5
1947,4,83.8,54.6,59,41.9,72,53.2
1947,5,94.4,65,69.1,50.7,72.5,55.6
1947,6,99.2,70,77.3,59.5,75.7,58.1
1947,7,106.6,79.5,83.3,67.7,84.6,61.3
1947,8,100.8,76.1,84,67.9,81.2,61.5
1947,9,101.4,73.4,77.2,59.9,82.7,61.8
1947,10,88.2,59.6,72.5,54.8,75.6,57
1947,11,69.1,44.1,49.9,38.5,68.8,49.2
1947,12,63.4,38.7,39.8,28.2,66.5,48
1948,1,68.9,38.2,31.2,19.6,69.1,48.2
1948,2,66.3,41.4,37.8,23.6,64.3,44.9
1948,3,69.1,44.7,50.6,33.5,64.5,45.9
1948,4,85,54.6,58.9,43.1,69.5,51.4
1948,5,92.9,61.2,67.6,52.8,74.2,53.6
1948,6,100.4,69.6,77.5,61.3,76,57.9
1948,7,104.6,77.6,85.3,69,82.4,59.5
1948,8,104.4,78.4,82.7,67.8,83,59.5
1948,9,100.3,72,79.4,61.1,84.2,58.9
1948,10,87.7,61.5,64.4,48.9,76.1,56.5
1948,11,72.3,41.6,58.7,46.1,75.1,49.1
1948,12,63.9,40.2,44,32.6,63.4,43.4
1949,1,53.5,35.8,44.6,32.6,55.8,37.9
1949,2,66.1,39.5,46,31.2,61.6,43.7
1949,3,74.2,46.7,51,34.7,65.5,46.6
1949,4,86.3,57.1,62.4,45.1,74.2,53.3
1949,5,91.4,62.1,72.9,53.3,73.6,55
1949,6,100.6,72.1,83.4,65.1,79.5,59.9
1949,7,103,79,88.3,70.9,81.6,61.9
1949,8,103.7,73.6,85,68.4,84.4,63
1949,9,99.6,74.4,74.7,57.7,84.2,61.6
1949,10,83.9,56.1,70.9,55.3,76.4,55.9
1949,11,82.3,50,53,39.5,78.6,55.8
1949,12,66.1,39.7,45.9,32.8,65.1,46.2
1950,1,64.1,38.4,49.1,34.2,58.6,42.2
1950,2,74.1,46,37.6,25.5,65.9,47.4
1950,3,77.8,48.7,44.6,28.1,68.2,49.3
1950,4,88.1,57.6,56.5,40.4,71.6,53.8
1950,5,91.2,60.5,66.9,50.6,70.1,54.2
1950,6,100.8,69.1,79.4,61.2,76.3,56.8
1950,7,100.5,78.3,83.5,66.5,82.7,63.8
1950,8,104.9,74.8,81.2,65,81.6,60.2
1950,9,95.8,67.9,71.9,57.2,77.4,60.3
1950,10,95.1,62,67.9,52.1,80,58.9
1950,11,80.9,49.6,55.5,41.3,73.5,53.9
1950,12,74.5,43.3,40.5,29.4,71.5,52.7
1951,1,66.2,39.5,43.4,29.4,64,47.3
1951,2,69.1,44.6,44.4,29.1,65.8,47
1951,3,74.6,48.2,48.1,34.9,70.5,49.8
1951,4,81.7,54.6,61.4,44.6,67.5,53.3
1951,5,92.3,62.6,72.6,54,72.9,53.3
1951,6,99.8,68.1,78,61.6,75.1,58.2
1951,7,106,79.3,85.5,68.1,83.1,62.5
1951,8,99.4,76.3,83.1,65.8,81.4,61.2
1951,9,100.1,69.5,77.1,59.2,81.3,60.7
1951,10,88.1,58.5,65.5,51.7,79.5,58.1
1951,11,72.9,47.3,51,36,71.2,52.6
1951,12,63.9,41.3,45.7,32,62.5,46.1
1952,1,64.2,39.7,43.4,28.9,61,44.6
1952,2,68.4,41.8,42.1,30.3,67.4,50.1
1952,3,67.6,44.1,46.4,34,63.6,47
1952,4,80.5,55.2,62.4,47.5,69.8,52.4
1952,5,96,65.4,69.3,52,76.8,56.6
1952,6,101.2,70,82.4,64.7,74.3,57.1
1952,7,103.5,76.5,89.2,71.4,83.5,61
1952,8,103.1,79,82.5,67.3,85.1,63
1952,9,100.7,73.1,78.7,61,85.1,63.5
1952,10,95.8,61.3,64.6,46.8,76.5,57.5
1952,11,69.8,46,54.5,42.6,67.9,50.2
1952,12,64.4,40.9,43.6,33.2,64.3,47.8
1953,1,70.9,42.2,43.4,31.8,70.2,51
1953,2,69.3,41.1,45.5,31.3,70.2,47.5
1953,3,77.1,49.3,49.5,37.2,69.3,48.5
1953,4,81.3,54.4,59.6,45,66.7,50.7
1953,5,86,57.6,71.5,55.2,73.5,54.2
1953,6,101.8,70.9,83.8,63.4,76.2,57.4
1953,7,102.9,80,87.3,68.3,85.8,64
1953,8,103.8,77.1,84.7,66.8,80.8,60.5
1953,9,102.8,69.1,79.1,61.7,80,60.3
1953,10,87,56.2,69.2,52.2,80.5,57.7
1953,11,76.6,46.3,57,42.4,73.4,53.8
1953,12,64.4,34.2,47.6,35,69.6,48.5
1954,1,66.1,38.4,38.1,23.5,64.1,47
1954,2,76.3,45.8,47.9,32.3,75.6,52.5
1954,3,71,45.6,49.3,33.8,65,49
1954,4,87.1,56,63.2,44.3,68.9,52.9
1954,5,93.3,63,67.7,51.9,72,55.6
1954,6,99.7,69.6,81,62.2,76.1,59
1954,7,102.7,79.9,86.7,66.7,87.1,66.2
1954,8,99.9,76.9,81.3,64.1,81.5,64.7
1954,9,99.1,73.3,75.1,59.7,83.9,61
1954,10,90,59.8,69.6,53.8,76.5,54.9
1954,11,80,49.1,52.7,40,74.7,53.8
1954,12,67.8,40.1,41.7,30.1,67.4,48.7
1955,1,59,38.4,36.7,25.2,61.9,45.4
1955,2,64.9,36.8,42.6,27.4,67.3,46.6
1955,3,76.2,47,49.5,33.8,71.2,51.3
1955,4,81.8,51.5,62,44.9,71.5,51.1
1955,5,89.4,61.8,75.8,54.9,71,54.9
1955,6,99.4,68,77.5,60.2,75.3,58.1
1955,7,99.1,74.2,90,71.7,80.1,60.8
1955,8,97,76.1,86,70.2,85.8,64.6
1955,9,97.7,68.1,75.3,60.2,85.2,63.8
1955,10,90.9,60.4,67.4,52.2,72.8,55.5
1955,11,73.3,44.9,50.8,37.7,70.5,51.6
1955,12,70.1,41.5,35.9,23.5,62.2,49.5
1956,1,69.1,42.9,37.3,26.7,63.7,48.3
1956,2,63.5,38.2,42.6,30.5,62,44.1
1956,3,78.2,45,43.7,31.1,71,50
1956,4,80,52.2,55.7,40.7,66.5,50.9
1956,5,92,61.7,67.9,49.4,72.7,56
1956,6,101.4,72.3,80.2,62.6,79.8,59.7
1956,7,99.9,75.9,80.5,65.3,81.6,61.9
1956,8,99.3,72.2,82,66.3,81.5,62.3
1956,9,99.8,69.3,72.5,57.1,88.6,64.3
1956,10,84.6,54.8,66,50.1,74.9,58.1
1956,11,74,41.6,53.2,40.1,80,54.3
1956,12,68.3,38.2,47.2,34.6,72.3,48.6
1957,1,63,44.9,34.8,22.2,61.3,47.1
1957,2,73.2,49.6,43.4,31.1,67.9,53.4
1957,3,74.2,49.4,48.6,35.2,70.5,52.6
1957,4,80.1,52.8,62.1,44.3,69.9,53.4
1957,5,86,59.7,72.5,53.7,71.9,56.5
1957,6,101.7,72.4,83.2,65.3,82.6,62.4
1957,7,103.1,79.6,87.2,68.1,86.9,65.1
1957,8,99.2,76.8,82.2,64.9,86.9,65.5
1957,9,97.9,68.4,77.8,61.6,82.5,61.9
1957,10,81.1,60,63.9,48.5,75.2,58.9
1957,11,68.6,44.1,55.5,43.2,70.4,51
1957,12,68.8,41.1,45.4,35,71.5,51.9
1958,1,67.3,38.7,37.5,26.3,69.2,49.9
1958,2,69.7,46.2,32.8,22,67.8,52.7
1958,3,67.3,46.7,45.4,35.1,64.5,49.3
1958,4,80.6,52.7,60.9,44.9,75.1,55.6
1958,5,96.4,66.2,66.4,51.7,77.4,58.6
1958,6,103.6,74.6,75.6,58.8,80.8,61.2
1958,7,106.9,80.2,83.2,69,83.1,62.5
1958,8,104.1,81.3,82.8,67.5,84.4,65.9
1958,9,98.7,74.4,76.1,59,86.9,64.8
1958,10,88.1,65.1,63.1,47.9,83.9,64.1
1958,11,73.6,49.2,54.3,41.5,73.2,53.4
1958,12,69.9,42.1,35.9,22.8,72.5,51.5
1959,1,67,40.5,38.1,24.3,69.1,51
1959,2,65.9,41.9,40.1,24,64.5,48
1959,3,77.9,49.2,48.3,31.9,75.7,53.6
1959,4,87.6,59.3,62.4,45.1,75.4,57
1959,5,90.3,62.2,76.4,56.3,72.8,57.1
1959,6,104.7,75.9,79.5,62.9,81.2,61.8
1959,7,106,81.9,83.8,68.8,88.2,67.4
1959,8,98.5,77.7,85.3,69.7,84.9,66.1
1959,9,95.8,70.8,80.9,63.6,81.6,65.3
1959,10,86,59.3,66.6,52.9,79.5,60.8
1959,11,72.6,49.2,52.9,38.6,77.7,55.4
1959,12,63.2,44,43.8,32.9,68.9,52.4
1960,1,58.8,38.1,38.9,28.8,62.5,46.7
1960,2,63.4,39.5,42.9,29.6,64.7,49.2
1960,3,78.9,51.2,40.5,26.3,70.9,53
1960,4,84.8,55.9,63.3,44.7,75.4,55.2
1960,5,92.6,62.9,71,54.2,77.1,58.3
1960,6,105.1,74.9,80.2,63.4,79.4,60.7
1960,7,105.3,79.4,82.6,66.5,86.7,64.3
1960,8,101.5,77.9,82.5,67.3,83.2,63.1
1960,9,99.2,72.5,75.2,60.8,86.2,64.9
1960,10,81.9,59.2,66.4,49.7,77.5,58.5
1960,11,73.4,47.5,57.1,42.3,69.1,51.5
1960,12,64.3,36.6,38.1,23.7,68.8,48.5
1961,1,68.7,39.7,33.5,21.9,72.5,51.4
1961,2,71.2,39.9,43.5,29.8,70.9,51.1
1961,3,74.5,44.6,48.9,34.1,68.6,51.6
1961,4,86.3,52,56.2,41.8,73.7,54.3
1961,5,93,58.1,69,50.7,71.1,55.6
1961,6,105.3,71.8,81.6,63.1,78.4,59.1
1961,7,105.4,77.9,86.4,69.8,84,64.3
1961,8,101.8,75.3,84.2,68.5,84,64.6
1961,9,94.5,66.6,82.5,64.6,80.7,61.2
1961,10,85.7,53.5,69.9,52.2,77.9,57.9
1961,11,70.8,43.3,55.5,42,68.8,51.5
1961,12,64,40.5,41,30,65.3,48.5
1962,1,63.3,39.6,39.6,25.5,67.2,47.8
1962,2,67.5,43.9,37.9,25.7,59.8,47.8
1962,3,70.9,41.1,51.2,34.9,63.3,47.1
1962,4,90.6,54,62.4,44.1,74.6,54
1962,5,90.6,56.3,74.9,53.8,71.1,54.6
1962,6,101.7,64.5,82.1,62.8,74.5,58
1962,7,105.1,75.3,83.7,64.3,80.1,60.1
1962,8,107.3,76.1,81,63.8,85.1,63
1962,9,97.5,71.1,73.1,56.7,80.4,61.3
1962,10,88.3,54.8,65.5,49.2,74.4,57
1962,11,77.4,46.4,49.3,37.1,68.8,52.4
1962,12,68.6,41.4,37.4,25.6,66.1,48.7
1963,1,62.1,34.6,36.2,24,62.9,48.3
1963,2,75,45.3,36,20.5,70.8,54.6
1963,3,76.4,45.5,50.5,36.8,67,49.5
1963,4,81.9,49.7,63.4,43.9,68.2,51
1963,5,97.5,62.5,71.5,50.7,70.9,57.3
1963,6,99.2,64.1,80.4,61.4,73.7,59
1963,7,106.3,77.7,86.3,66.5,82.3,61.8
1963,8,98.7,75.4,81.3,62.8,83.9,63.5
1963,9,99.1,71,72.1,54,87.4,67.1
1963,10,90.3,62.1,72.1,51.5,77.6,60.6
1963,11,73.3,50.4,56.2,44.5,70.6,53.9
1963,12,66.8,36.8,36,26.4,70.7,50.4
1964,1,61,32.4,41.8,29.5,65.2,48.1
1964,2,65.1,33.4,38.9,26.8,69.3,48.7
1964,3,71.1,41.9,50.8,35.4,67.1,50.1
1964,4,80.8,49.5,57.5,41.9,68.9,52.1
1964,5,90.9,56.4,76,54.8,70.4,53
1964,6,99.5,65.6,81,62.2,73.3,56.3
1964,7,104.1,77,84,66.8,82.7,61.2
1964,8,98.6,73.7,83.1,62.7,82.4,64.3
1964,9,94.2,68.1,77,57.3,80.2,60.1
1964,10,90.2,59.6,63.7,46.3,80.5,60.4
1964,11,69.3,41.7,56.6,42.1,70.1,49.5
1964,12,64.1,39.8,42.1,30.7,64.5,48.4
1965,1,64,41.3,35.6,23.7,69,47.5
1965,2,65.3,39.4,40.8,26.9,68.9,47
1965,3,69.3,42.8,46.3,33.6,67.3,50.7
1965,4,77.1,49.7,58.9,42.3,71.2,52.2
1965,5,89.2,54.4,76.9,55.8,72,54.8
1965,6,97.3,60.6,79.8,60.3,71.1,57
1965,7,105.3,76.7,83.3,65.3,80,60.1
1965,8,104.1,73.8,81.8,64.5,85.5,65.6
1965,9,94.7,63.6,75.1,59.8,79.1,60.1
1965,10,92,55.6,66,48.6,84.5,61.7
1965,11,76.3,47.9,53.2,40.3,69.5,54.5
1965,12,64.5,41.2,46.3,34.6,66.4,47.4
1966,1,61.9,34.5,38.6,25.7,66.5,44.9
1966,2,63.5,35.9,41.3,28.8,66.1,46.3
1966,3,77.9,44.4,50.2,35.1,71.1,51.5
1966,4,87.8,51.7,57.5,41.8,73.8,54.9
1966,5,97.1,63,70.4,52.7,71.6,57.3
1966,6,103.4,70.1,85.6,65.2,78.9,61.5
1966,7,106.5,79.5,90.3,69.1,84.4,64.3
1966,8,103.5,78.3,86.1,67.6,86.1,67.1
1966,9,95.1,70.6,73.9,59.1,82.4,64.3
1966,10,87.7,54,64.5,47.8,81,61.4
1966,11,76.2,44.8,56,41.8,71.9,55.3
1966,12,67,37,41.2,30.2,69.8,51.5
1967,1,67.2,34.1,43.2,31.5,69.5,48.8
1967,2,72.9,38.5,36.7,21.6,74.8,50.9
1967,3,78.5,47,44.6,30.5,69,52.9
1967,4,77.2,47.5,58.8,40.3,63.9,48.3
1967,5,91.5,58.7,63.5,46.9,76.5,58.1
1967,6,96,66.2,82.3,63.2,74.1,58.4
1967,7,103.6,79.5,83.1,67.5,85.5,65.8
1967,8,103.2,78.8,81.5,66.3,88.5,69.9
1967,9,98,71.6,75.9,57.5,82.5,67.8
1967,10,89.3,57.6,65.2,49.1,83.5,61.4
1967,11,78.4,49.3,48.6,36.3,74.7,58.4
1967,12,59.5,36.9,43.8,32.5,64.7,46.4
1968,1,65.6,39.1,33.3,20.1,68.2,48.7
1968,2,72.2,47.1,36.6,21.1,72.3,55.2
1968,3,73.8,45.9,51,35.5,72.8,52.9
1968,4,82.6,50.7,65.3,44.6,73,54.9
1968,5,93.7,59.5,68.2,51,73.3,57.6
1968,6,104.1,68.2,78.2,61.2,76.9,61.5
1968,7,103.3,77.1,85.8,68.7,83.9,65.5
1968,8,99.2,73.7,84.8,67.2,82.9,65.2
1968,9,99.4,67.8,79.4,61.8,82.1,64.7
1968,10,89.1,56.3,67.9,53.1,78,60.3
1968,11,73,45.3,52.6,41.2,72.5,54.1
1968,12,63.4,35.6,40.6,27.9,65.6,46.7
1969,1,66.1,43.6,37.3,26.3,64.9,51.7
1969,2,66.2,39.8,37.3,27.9,62.1,47.6
1969,3,72.5,41.2,47.3,32.8,69.6,49.7
1969,4,84.7,52.3,65,46.8,72.3,55.2
1969,5,94.6,61.9,75.4,55.1,74.3,58.8
1969,6,99.4,69,81.3,64.8,72.7,61.6
1969,7,104.9,81.3,82.1,67.4,82.2,65.3
1969,8,106.1,82.7,86.2,68.6,86.7,67.2
1969,9,99,73,77.2,60.7,79.9,63.5
1969,10,83.6,55.3,66,49.3,76,58.5
1969,11,74,50.2,52.2,40.5,75.2,55.2
1969,12,67.5,42.1,38.4,28.4,66.9,51.5
1970,1,66.5,37.6,31.5,18.7,65.3,49.9
1970,2,74.7,45.6,40.7,25.3,70.5,52.2
1970,3,72.6,46.3,45.3,32,69.4,52.9
1970,4,80.6,48.8,60.8,43.4,69.9,51.8
1970,5,95.9,63.3,73.4,54.6,76.3,58.5
1970,6,103,73.1,78.8,62.9,77.9,62
1970,7,106.7,83.3,84.7,69.5,85.3,65.3
1970,8,104.1,80.9,86.3,68.9,85.9,66.4
1970,9,95.1,69.3,79,62.6,85.3,63.4
1970,10,83.6,54.5,66,51.8,77.3,59.3
1970,11,76.4,46.4,54.2,42.8,72.2,54.4
1970,12,66.2,39,39.4,29.4,65.5,48.8
1971,1,68.1,36.2,33.1,20.8,68.6,48.9
1971,2,71,41.5,40.4,29.8,68.8,49.6
1971,3,80,46.5,46.8,33.4,70.1,50.5
1971,4,81.4,51.6,59.9,41.6,71.3,52.7
1971,5,87.6,58.9,70,52.7,71.1,56.8
1971,6,101,69.5,82.9,65.5,76.5,61
1971,7,107.3,82.5,85.8,69.8,83.3,65
1971,8,100.5,78.7,84.2,67.6,87.9,69.8
1971,9,99,72.1,77.3,65.8,83.5,65.6
1971,10,81.7,56.9,69.1,56.2,78.2,56.6
1971,11,73.6,45.7,50.8,39.4,69.8,50.5
1971,12,61.1,39.3,47.1,34.5,60.9,44.7
1972,1,67.2,35.5,42.1,28,66.3,44.6
1972,2,75.1,43.1,38.9,23.9,70.3,50.3
1972,3,86.7,54.4,47.7,31.8,73.1,54.3
1972,4,86.8,56,59,41.2,74,53.7
1972,5,93.3,63.2,72.4,54.1,76.5,58.6
1972,6,101.2,74.3,75,60.7,81,63.3
1972,7,106.8,81.9,85.1,69.2,88.7,67.2
1972,8,102.2,77.5,84.4,66.8,87.2,67.6
1972,9,98.5,71,77.9,61.1,81.4,63.1
1972,10,81.1,62.7,61.1,45.8,75.9,58.4
1972,11,70.3,45.9,50.2,38.5,72.7,51.7
1972,12,64.2,40,43.5,33.5,68.6,47.6
1973,1,63.5,38.8,42.1,28.8,66.2,46.5
1973,2,68.5,46.5,40.1,24.8,68.1,51.8
1973,3,67.4,45.8,53.7,39,66.2,49.5
1973,4,81.7,52.7,61.8,44.9,71.9,54.2
1973,5,96.5,65.2,67.1,51.8,74.1,57.4
1973,6,104,72.1,81.1,65.7,82.4,61.6
1973,7,106.5,80.5,85.8,68.9,81.6,63.1
1973,8,106.1,80.6,85.4,69.8,82.1,65
1973,9,100.6,68.8,78.2,60.8,78,62
1973,10,91.5,57.3,69.1,51.3,79.5,58.1
1973,11,74.8,46.7,55.4,41.1,68.4,51.5
1973,12,70.1,40.7,45.5,32.5,69.4,50.4
1974,1,66.3,41.7,41.4,29.1,62.9,47.4
1974,2,72.4,41,38.7,24.7,70.1,48.3
1974,3,77.8,51.2,50.1,34,67.1,52
1974,4,86.6,54.6,65,45.3,74.4,54.9
1974,5,96,64.3,69.4,52.5,72.5,58.8
1974,6,108.6,75.7,76.9,61.1,81.6,62.7
1974,7,104.6,80.2,86.4,67.9,83,65.1
1974,8,104.9,77.5,85.5,67.3,80.2,64.4
1974,9,99.4,74.9,74.6,58.7,81.5,64.9
1974,10,87.2,64.5,62.5,45.7,74.5,60.6
1974,11,74.9,48,55.4,41,74.2,53.8
1974,12,63.5,37.7,44.1,34.6,65.9,46.4
1975,1,66.4,38.1,43.3,31.3,68.2,47
1975,2,68,40,41.7,29.9,64.1,47.4
1975,3,72,45.9,47.9,32.4,62.9,48.4
1975,4,76.6,48.5,56.6,39.1,63.4,48.6
1975,5,92.4,60.9,75.2,56.4,70.3,55.1
1975,6,102.8,70.3,78.3,62.6,73.2,58.1
1975,7,106.1,82.4,83.4,68.2,81.7,63.3
1975,8,106,77.7,82.4,66.3,81.4,62.3
1975,9,99.2,73.1,71.2,57.1,83.2,64.7
1975,10,87.3,58.5,67,51.4,75.1,57.7
1975,11,75.4,46.3,58.8,45.8,71.6,50.8
1975,12,66.8,42.8,42.2,29.5,67.9,46
1976,1,69.1,41.7,34.2,20.5,72.5,46.2
1976,2,72.5,48.9,48.6,31.1,65,47.8
1976,3,74.7,48.3,52,36.8,68.6,48.2
1976,4,82.3,55,64.8,45.2,66.4,49.2
1976,5,94.5,66.9,69.6,50.7,72.2,56.3
1976,6,101.9,73.9,81.9,64.4,81.5,60.7
1976,7,102.1,81.1,83.3,66.3,80.8,64.4
1976,8,103.1,78.3,83,65.6,81,62.1
1976,9,93.8,72.1,75.1,58.1,79,66.1
1976,10,85.4,62.5,59.5,46.2,80.3,61.1
1976,11,77,51.1,47.7,35.6,78.6,55.1
1976,12,68.4,42.7,36.7,23.1,72.5,48.3
1977,1,64.8,42.8,27.7,16.4,67,49.1
1977,2,76.7,46.6,40.1,26.8,74.3,51.8
1977,3,74.4,47.2,55,38.5,66.5,47.3
1977,4,88.2,58.8,63.6,43.8,73.2,54.1
1977,5,89,62.4,75.1,54.9,69.2,54.5
1977,6,105.4,77.3,78.1,62.2,77.9,60.5
1977,7,106.1,83.8,88.2,69.7,84.3,64.1
1977,8,105.1,83.1,83.2,68.2,83.8,67.3
1977,9,99,76.1,74.7,61.7,80.2,63.3
1977,10,91,66.4,61,48.8,78.5,59.5
1977,11,79.4,52.2,51.5,43.1,77.8,54.7
1977,12,71.5,48.2,41,30.3,68.5,53.1
1978,1,66.6,46.5,33.9,22,65.7,50.5
1978,2,68.6,48.7,32.8,21.5,67.8,49.9
1978,3,77,54.1,45.9,32.1,71.3,55.1
1978,4,83.4,55,60.3,42.8,68.6,52.9
1978,5,93.6,63.3,69.3,53.6,78.9,58.3
1978,6,107.5,74.3,79.7,62.8,81.7,61.9
1978,7,108.3,80.9,81.6,67.1,84.3,62.5
1978,8,105.1,77.7,82.5,69.4,83.4,63.9
1978,9,98.6,73.9,73.5,56.4,86.2,65.8
1978,10,92,65.2,62.7,47,79,61.5
1978,11,72.5,50.5,53.6,41.9,68.1,48.7
1978,12,62.8,40.6,45.1,32.6,63.9,42.4
1979,1,59.2,40.9,40.2,26.9,61.9,44.6
1979,2,69,42.4,31.4,19.5,65.3,44.6
1979,3,73.1,47.7,55.5,38.3,66.7,49.1
1979,4,86.3,53.8,60,45.1,72.3,53
1979,5,92,64.1,73.1,57.5,73.7,57.1
1979,6,104.6,74.3,77,61.4,80.8,62.2
1979,7,108.1,79.5,84.9,68.8,81.3,62.9
1979,8,102.5,76.3,84.1,69.5,80.7,65
1979,9,103.8,76.6,78,63,87.9,66.9
1979,10,91.3,63.1,64,50.6,77,60.4
1979,11,71.8,44.5,58.8,46.2,74.8,54.3
1979,12,69.9,41.8,46.9,35.3,73.8,52.5
1980,1,65.8,47.3,39.4,28,68.1,53.7
1980,2,71.4,49.7,37.9,24.8,73.6,55.6
1980,3,71.6,49.7,48.5,33.9,70,51.8
1980,4,83.3,56.3,62.7,46.3,74.3,55.3
1980,5,88.6,63.3,74.6,56.6,70.4,56
1980,6,104.1,73.7,79.2,61.4,81.6,61.9
1980,7,107.6,83.6,87.6,70.9,87.2,67
1980,8,102.9,81.5,88.3,72.2,85.1,67.5
1980,9,100.2,74.4,79.2,62.4,80.9,64.2
1980,10,88.7,62.4,62.6,47.8,80.9,62
1980,11,78.2,50,51.2,38,75.8,54.7
1980,12,74.9,47.6,39.9,25,74.7,52.7
1981,1,70.4,47.9,32.3,20.2,70.3,53.3
1981,2,74.6,48.1,46.3,32.3,73.9,54.6
1981,3,75.1,52.4,49.5,35,69.8,54.2
1981,4,88.8,63.1,65.1,47.2,74.1,57.9
1981,5,92.3,68.6,73.7,55.9,75.8,62
1981,6,106,80.8,80.7,65.3,86.8,68
1981,7,105.6,84.8,86.3,70.6,86.9,67.5
1981,8,106.8,84.7,83.8,68.1,88.1,68.5
1981,9,100.8,77.5,74.5,60.6,83.8,66.2
1981,10,85.7,61.5,61.6,47.2,77,59.9
1981,11,79.7,52.5,53.3,42.1,74.2,55.7
1981,12,70.7,46.5,40.9,32.1,71.6,52.6
1982,1,64.6,43.2,32.5,19.6,66.7,47.5
1982,2,70.7,49.5,41.6,29,72.3,55.7
1982,3,72.9,51.8,48.5,35.3,67.4,51.2
1982,4,85.4,59.5,60.4,42,71.1,53.3
1982,5,93.6,67.1,72.1,56.1,70.4,58.4
1982,6,102.3,73.8,75.5,61.7,71.7,58.8
1982,7,105.3,82,86.1,69.7,83.5,64.5
1982,8,104.1,83.3,81.1,65.2,83.7,66.5
1982,9,98.1,75.3,75.5,61.1,81.1,66.7
1982,10,87.7,59.3,65.8,51.2,79.5,62.3
1982,11,71.7,52,57.5,43.2,68.6,54.8
1982,12,63.7,44.5,48.7,36.8,65.6,50.6
1983,1,67.3,44.7,39.6,29.4,69.3,54.5
1983,2,67.9,48.8,42.5,30.3,70.6,55.3
1983,3,72.2,52.2,50.3,37.7,69.9,57.8
1983,4,78.3,54.9,59.4,45.2,70,56.4
1983,5,95,66.1,68.1,52.2,77.6,63.8
1983,6,102.5,74.7,82.5,64.3,76.8,64.5
1983,7,107.2,83.8,88.7,70.3,85.4,66.4
1983,8,103.8,81.3,85.8,69.6,90.3,71.2
1983,9,101.3,80.6,80.5,63,87.6,70.6
1983,10,87.4,67,64.9,50.8,82.8,65.5
1983,11,73.1,51.7,55.4,42.3,71.7,55.2
1983,12,67.6,46.7,41.3,29.1,67.6,52
1984,1,69.8,45,35.1,24.6,72.3,50.1
1984,2,73.9,46.2,46.8,34.4,72.6,51.1
1984,3,81.6,53.6,43.2,30.1,75.4,55.7
1984,4,83.2,58.1,59.5,44.2,74.2,56.3
1984,5,101.2,72.8,69.5,53.7,82.2,62.5
1984,6,102.6,75.2,82.6,66.4,79.5,64.8
1984,7,103.1,80.3,81.2,68.2,87.7,69.6
1984,8,101.9,80.5,83.6,69.7,84.5,68.3
1984,9,99.2,75.7,74,57.8,90.4,72.2
1984,10,83.3,59.4,68.5,55.1,77.4,59.6
1984,11,73.7,50.1,54.6,39.9,69.5,52.4
1984,12,62.7,44.6,50,37.5,65.3,49.1
1985,1,64.2,44.3,34.6,23,66.9,48.1
1985,2,69.3,45.5,43,30.1,70.8,50
1985,3,73.8,51.7,54.9,36.6,68.5,50.1
1985,4,88.2,62,64.4,46.6,76.5,57.1
1985,5,96.4,72,74.5,56,74.1,58.4
1985,6,106.2,78.5,75.8,61.3,83.1,64.1
1985,7,106.7,83.1,84,68.3,88.8,69.5
1985,8,105.8,83.1,82.4,68.4,85.8,65.6
1985,9,93.9,70.7,78.4,62.5,79.4,64.1
1985,10,86.2,64,67,51.9,79.9,62.7
1985,11,72.1,50.5,55.8,44.2,68.4,52.3
1985,12,67.6,44.2,40.1,28.3,72.4,50.9
1986,1,74.2,48.6,40.8,27.4,75.4,56.3
1986,2,72.1,49.9,36.9,27,71.2,53.5
1986,3,81.4,57.2,53.9,36.2,73.1,55.9
1986,4,86.8,61.5,62.5,46.4,75.2,57.5
1986,5,95.5,69,75.7,56.3,77.2,59
1986,6,105.7,79.9,80.8,62.3,81,61.4
1986,7,103.8,80.7,84.1,67.9,83.4,63
1986,8,105.5,83.4,81.1,65.1,87.5,64.4
1986,9,95.7,72.5,76,59.7,77.6,60
1986,10,86.7,62.6,66,50,79.5,59.2
1986,11,76.4,53.6,53.1,38.3,77.7,55
1986,12,67.1,45.7,44.4,33.6,70.4,49.8
1987,1,66.3,43,37.5,27.1,67.1,47.2
1987,2,70.3,49.1,40.8,25.6,69.6,51
1987,3,75.5,51.2,53.9,36.4,70.6,51.7
1987,4,91.4,64.4,61,45.7,78.8,56.7
1987,5,94.5,70.6,73.1,54,76.9,59.3
1987,6,106.4,79.5,81.3,64.3,79.2,60.2
1987,7,106.4,79.8,86.6,69.3,80.4,61.2
1987,8,103.9,80.5,82.8,65.6,83.1,62.9
1987,9,98.9,74.8,75.1,60.3,86,64.3
1987,10,92.5,69.2,62.5,45.1,80.1,63.6
1987,11,74.4,51.8,55.3,40.1,72.1,53.7
1987,12,62.5,42.8,45.3,33.7,62.5,46.2
1988,1,65.7,44.4,35.8,23.2,67.9,48.7
1988,2,75,50,41.9,28,74.2,51.6
1988,3,79.8,52.7,52.2,35,75.4,54.4
1988,4,85.9,60,59.3,43,73.2,55
1988,5,94.6,68.2,71.4,53.9,76.4,58
1988,6,106.3,79.9,82.1,61.5,76.4,59.3
1988,7,107.5,84.8,88.8,69.8,82.9,65.7
1988,8,104.7,83,87,70.5,81.5,64.3
1988,9,99.8,75,76.3,58.5,81.1,63.2
1988,10,94.5,70.3,60.3,45.2,77.9,61.4
1988,11,75.8,53,56.5,42.2,70.6,53.2
1988,12,66.7,44.6,42.9,28.9,65.8,48.4
1989,1,65.9,42.9,44,30.7,67,45.6
1989,2,74.1,49.6,41.2,27.8,65,47.8
1989,3,83.5,56.6,50.8,34,71.5,53.3
1989,4,94.2,65.9,61.4,42.9,76.8,59
1989,5,96.7,69.4,70.5,53.6,74,58.4
1989,6,105.9,78.3,80.1,63.9,77.4,62.1
1989,7,109.8,85,83.4,66.5,84.6,65.6
1989,8,105.3,82,82,66,81.3,64.3
1989,9,102.8,76.9,76.2,59.9,84.7,64.2
1989,10,89.7,64.9,66.8,49.5,78.3,60
1989,11,79.7,53.1,53,38.4,78,55.3
1989,12,69.5,44.4,32.6,19.1,74,51.4
1990,1,67.3,43.9,47.5,35.2,69.5,49.3
1990,2,68.1,45.1,48.5,31,67,48.9
1990,3,78.9,55.4,54.2,35.9,70,53.4
1990,4,88.4,63.9,62.3,44.6,73.1,58.3
1990,5,93.7,68.5,68.8,51.6,75,58.8
1990,6,107.8,79.8,81.4,62.8,84.4,64.1
1990,7,104.6,82.6,84.7,68.8,86.6,68
1990,8,102,79.5,83.5,67,82,66
1990,9,99,76.1,75.6,59.4,85.1,66.9
1990,10,91.8,65.6,69.5,54.2,83.8,62.5
1990,11,78.1,53.7,58.3,42.4,76.5,54.6
1990,12,64.6,42.5,49.7,35.5,68.3,47.1
1991,1,66.4,45.4,41.2,28.5,68.6,49.7
1991,2,78.7,53.2,47.6,32.3,73.6,53.3
1991,3,71,49.5,52.1,37.1,64.7,48.8
1991,4,85.5,58.8,64.4,46.9,73,55.3
1991,5,92.9,66.5,78.9,58.5,72.2,55.5
1991,6,100.6,75,84.4,63.7,75.1,59.1
1991,7,106.4,83.7,87.1,68.3,79.1,62.9
1991,8,105.3,83.6,86,68.2,81.8,64.4
1991,9,99.7,77.3,76.4,58.5,83,64.2
1991,10,92.2,68.2,66.9,49.9,81.9,62.2
1991,11,74.5,52.5,55.1,41.4,77.4,54.9
1991,12,66.3,48.2,46.3,32.8,68.4,50.8
1992,1,66.3,46.4,42.5,28.9,71.4,49.1
1992,2,72.1,52.1,43.2,29.5,70.8,53.8
1992,3,75.3,54.1,47.8,32.2,67.4,54.2
1992,4,90.4,63.6,58.8,42.2,78.8,60.3
1992,5,94.9,71.3,70.8,51.2,75.8,62.2
1992,6,103.1,77.1,79.2,61.3,78.8,61.9
1992,7,104.6,81,82.5,65.9,84.3,67.4
1992,8,103.5,81,81.5,64.4,88.4,69.4
1992,9,102.9,78,74.8,59.6,87.4,65.7
1992,10,92.5,67.1,62.5,46.5,79.1,61.6
1992,11,73.5,49.4,52.5,40.5,76.1,54.1
1992,12,62.9,44.6,43.7,32,65.4,47.5
1993,1,66.6,49.8,42.5,30.1,64.9,49.6
1993,2,66.8,49.6,39.1,22.4,65.8,50.8
1993,3,77.6,53.7,46.7,32.6,73.3,55.6
1993,4,86.8,60.7,62.5,44,76.5,57.5
1993,5,96.3,71.1,75.5,55.8,77,60.7
1993,6,103,76.2,83.2,63.3,81.1,63.6
1993,7,104.6,81.1,90.2,70.1,80,65.9
1993,8,102.9,80.2,86,68.4,83.2,65.6
1993,9,100.3,75.5,74.8,59.7,84.1,64.4
1993,10,87.8,65.5,63.5,48.4,80.3,62.1
1993,11,72.6,50.1,56.6,41,74.9,54.2
1993,12,67.8,44.6,43.5,31.1,71.5,50.1
1994,1,69.5,44.1,33.2,17.9,74.4,50
1994,2,69.2,46.9,37.9,23.2,68.3,50.3
1994,3,76.6,53.3,48,33.3,73.7,55.7
1994,4,84.4,59.1,65.2,46,72.3,56.2
1994,5,91.3,65.3,72.4,51.2,72.1,58.1
1994,6,105.9,78.4,84.7,65.7,83.9,64.8
1994,7,105.8,81.9,87.9,70.8,82.1,65
1994,8,105.9,84.6,82.4,65.5,90.3,70.7
1994,9,98.6,75.1,75.7,59.5,86.3,66.7
1994,10,84.8,61.3,66.6,49.4,79.6,61.2
1994,11,68.9,47.1,59.5,44.4,69.7,50
1994,12,65,45.6,48.9,35.4,68.9,50.8
1995,1,63.1,45.8,43.1,31.9,64.9,51.9
1995,2,74.5,51.8,38.8,24.3,74.1,56.5
1995,3,75.9,52.7,52.9,37,71,54.2
1995,4,81,55.8,61.4,42.4,73.9,55.7
1995,5,88.1,64.4,70.1,53.7,71,57
1995,6,100,72.4,80.3,63.3,77.4,60.5
1995,7,107.3,81.7,87,71.3,86.2,65.3
1995,8,106.1,83.2,87.4,69.7,88.4,66.5
1995,9,100.3,78.1,76.6,59.9,87.2,66.8
1995,10,90.6,61.8,70,53.2,80.9,62
1995,11,78.6,54.6,50.1,37.1,77.3,56.8
1995,12,68.3,45.6,37.9,26.8,69.9,51.9
1996,1,68.6,43.1,37,24,70,51.7
1996,2,73,51.6,40.3,27.4,68.4,54.2
1996,3,77.4,52.7,46.2,31.6,71.7,54.2
1996,4,87.3,60.8,60,44.4,79.3,58.2
1996,5,96.3,69.7,69.5,52.7,77.1,60.8
1996,6,105.5,78.3,78.3,64.4,81.3,62.4
1996,7,106.2,84.2,79.8,66.9,85.1,65.1
1996,8,104.7,83.4,81.4,67.5,87.5,66.9
1996,9,94.5,74,74.3,61.7,82.2,64.8
1996,10,86.6,63.1,63.3,49.5,75.8,58.1
1996,11,76.5,52.5,48.9,37,73.6,54.9
1996,12,68.2,44.8,46.6,35.9,67.9,51.4
1997,1,64.9,46.5,39.2,25.1,65.9,51.4
1997,2,69,46.5,47.2,32.8,70.4,51.5
1997,3,83.1,55.7,49.2,34.5,75.4,54.7
1997,4,82.2,59.6,60.1,43.2,75,56.4
1997,5,98.8,73.7,67.9,50.8,81.5,63.8
1997,6,100.4,75,79.1,62.7,77.8,64.2
1997,7,106,81.6,84.3,67.2,81.5,64.8
1997,8,103.1,82.7,80.7,65.9,87,68.2
1997,9,100.4,79.6,74.5,59.4,89.4,70.1
1997,10,86.5,62.8,63.6,49.8,80.7,61.5
1997,11,75.6,52.6,49.8,39.2,74,56.4
1997,12,62.7,43.1,43.5,33,68.5,49.2
1998,1,66.7,46.5,45.8,34.2,66.5,51
1998,2,62.5,45.7,46.2,35,64.3,49.8
1998,3,72.9,50.9,52.2,38.6,70.2,53.6
1998,4,78.6,54.8,62.3,45.6,71.1,53.3
1998,5,88.5,63.9,72.4,56.2,71.2,57.2
1998,6,98.7,72,75.8,62.5,76.1,61.4
1998,7,105.8,83.2,83.8,69.1,85.7,66.7
1998,8,105.6,83.7,84.4,68.9,90.5,69.2
1998,9,99.2,76.5,78.1,62.3,81,66.2
1998,10,86.1,62.1,63.9,51.2,78.5,59.5
1998,11,74.8,50.6,54.2,42,71.9,52.9
1998,12,65.5,43.2,48.9,37.4,69.3,48.9
1999,1,69.4,44.2,40.8,27,70.4,51.1
1999,2,72.9,47.7,45.3,32.4,68.9,50.8
1999,3,77.3,52.5,50.6,34.4,64,49.7
1999,4,77.8,54,62.3,44.7,67.3,51.4
1999,5,92.3,67.3,71.1,55,70.4,56.2
1999,6,100.5,77.1,81.3,65.1,76.1,57.5
1999,7,101.6,80.9,90.1,72.6,80.5,63
1999,8,103.9,82.1,83.4,67.6,81.1,61.6
1999,9,98.8,75.9,75.8,62.3,77.9,60.5
1999,10,93,65.5,63.4,48.6,84.1,58.8
1999,11,81.9,54.1,57.2,44.3,71.5,52
1999,12,67.2,43.3,45.7,34.2,70.2,45.9
2000,1,70.1,46,37.9,24.7,67.5,49.5
2000,2,72.5,49.2,43.7,30.9,65.4,49.7
2000,3,73.7,52.5,55,39.4,68.4,50.6
2000,4,88.3,62.1,58.2,43.8,73.2,54.9
2000,5,98.1,71.5,71.6,55.4,76.2,59.2
2000,6,103,79,78.8,63.8,80,62.4
2000,7,106.5,83.5,79,65.6,81.7,62.8
2000,8,102.6,82.3,78.6,66.3,84.3,65.1
2000,9,101.7,78.8,72.9,59,82.8,62.5
2000,10,82.3,62.7,64.4,49.5,72.6,57.6
2000,11,67.4,46.3,50.9,39.6,69.8,48.1
2000,12,69.5,45.1,37.2,25,70,47.7
2001,1,63.7,44.4,38.8,28.5,64.4,44.4
2001,2,67.7,46,43.2,28.6,62.5,46.8
2001,3,77.5,53.7,45.6,33.6,67.9,52.8
2001,4,83.7,59.7,62.8,45.1,68.5,51.3
2001,5,100.4,73.4,71.5,55.7,75.5,59.1
2001,6,105.1,78.9,80.3,65.6,79.8,61.7
2001,7,104.9,83.9,81,65.3,79.7,62.2
2001,8,105.5,83.9,86.5,70.8,81.5,62.5
2001,9,104.6,79.7,75.3,60,80.5,62.2
2001,10,91.4,67.4,66.3,50.7,76.4,59.9
2001,11,78.8,57.9,59.8,45.6,70.6,53.4
2001,12,64.1,43.4,50,38.1,65.7,47.1
2002,1,67.1,44.8,45.4,34.5,66.4,47.1
2002,2,74.8,47.8,48.3,32.9,72.6,48.8
2002,3,78.1,52.3,52.4,35.9,68.9,50.7
2002,4,89.2,64.1,64.8,47.4,68.5,54
2002,5,95.2,68.2,69.4,51.9,72.5,56.4
2002,6,107.3,79.5,79.8,63.1,76.3,61.1
2002,7,107.2,84.8,87,70.5,81.1,63.5
2002,8,106.2,83.9,86,69.5,80.5,62.3
2002,9,101.4,78.2,78,62.5,82.4,61.9
2002,10,86.2,64,61.3,49.1,71.9,57.5
2002,11,78.5,55.3,51.9,40.1,75.3,53.5
2002,12,65,45.4,41.1,30.9,65.3,47.8
2003,1,74.6,49.3,32.9,22.1,74.4,52.3
2003,2,68.5,50.3,35.6,24.6,67.3,50.4
2003,3,76.2,53.3,52,34.2,71.6,52.1
2003,4,82.4,58.1,57.8,41.8,69.2,52.2
2003,5,95.9,70.7,66.1,51.3,73,55.8
2003,6,105,78.5,75.6,61.1,73.4,60.7
2003,7,108.7,86.6,83,68.5,84.5,66.4
2003,8,104.5,84.7,83.3,70.1,85.8,65.4
2003,9,102.2,79.2,73.8,62.1,80,62.9
2003,10,94.6,70.8,61.8,48.4,80.3,60.2
2003,11,72.1,51.6,56.2,43.8,68.9,50.6
2003,12,68.1,45.5,43.5,31.7,65.8,47.2
2004,1,67.6,47.4,31,18.5,66.5,47.8
2004,2,66.2,45.4,41.7,28.3,65.1,47.4
2004,3,85,59.5,50.4,36.6,74.5,55
2004,4,84.4,61,62.7,44.4,74.5,56.6
2004,5,96.5,70.2,74.3,56.1,79,60.5
2004,6,104.5,77.8,78.8,63.7,76.3,62.3
2004,7,106,83,80.9,68.1,82.1,63.9
2004,8,103.8,81.6,80.7,67.8,80.9,64
2004,9,99.9,76.3,76.1,62.6,84.2,65
2004,10,86.1,64.1,61.8,50.1,73,57.2
2004,11,70.5,51.4,54.8,41.5,68.1,50.1
2004,12,66.4,45.6,44.4,32.4,67.5,48
2005,1,66.5,49,37.4,25.2,66.6,49.9
2005,2,67,51.4,42.6,30.5,66.6,51
2005,3,74.1,53.7,46.4,32.5,68.8,52.6
2005,4,85,59.5,64.6,45.7,72.2,53.6
2005,5,95.1,70.3,67.3,50.5,75.9,58.6
2005,6,103.1,77.7,82.2,65.8,75.6,59.5
2005,7,109.5,85,84.9,70.2,82.3,63.7
2005,8,102.8,81.6,87.1,72.2,82.3,64
2005,9,101.5,77.7,81.6,65,79.6,60
2005,10,89.6,66.9,63.7,52,75.5,57.5
2005,11,78.4,54.1,56.8,42.5,74.1,53.9
2005,12,68.9,44.7,40.4,30.1,67.7,50.5
2006,1,70.4,45,47.5,34.2,67.9,48
2006,2,74.8,48.8,42.4,29.1,70.5,48.8
2006,3,72.6,52,50.6,35.6,63.3,47.2
2006,4,84.9,60.5,65.3,46.1,68.6,53.1
2006,5,97.9,71.4,71.5,54.6,74.3,59.5
2006,6,107.4,81.8,77.7,64.3,82.9,64.1
2006,7,106.6,86.4,85.2,70.7,89.7,70.1
2006,8,103,82.1,82.8,68.7,84.8,66.4
2006,9,96.6,74.7,73.1,60.1,84.4,64.2
2006,10,87.4,64.7,63.3,49.2,79.5,60
2006,11,79.6,54.6,57.4,46.4,77.9,56.8
2006,12,65.2,43.4,49.5,37.7,71.2,48.2
2007,1,63.6,42.2,43.6,31.4,68.3,46.8
2007,2,71.3,48.4,34.5,22,71.4,51.5
2007,3,81.6,55.8,50.9,33.5,73.3,53.1
2007,4,86.2,61.2,57.9,42.7,71,54.2
2007,5,97,72.2,75.3,55.2,73.6,56.7
2007,6,105.8,79.7,79.6,63.2,77.6,60.1
2007,7,106.8,84.8,82.3,67.6,83.3,65.2
2007,8,106.3,86.1,81.4,66.6,85.1,65.9
2007,9,101.2,79.5,78,62.5,81.2,62.4
2007,10,90.4,66,70.5,56.7,78.9,57.9
2007,11,81.8,58.3,51.6,39.3,71.1,54
2007,12,62.9,43.5,41.6,32.3,65.3,46.5
2008,1,64.3,45,42.4,30.6,64.1,46.6
2008,2,68.6,47.9,43.1,28.4,67.2,47.9
2008,3,79.5,53.8,50.3,35,72.4,51.9
2008,4,87.1,60.9,63.5,46.4,75.2,54.3
2008,5,90.7,66.3,68.9,51.2,74.3,57.4
2008,6,106.7,79.6,82.6,65.4,81,62.2
2008,7,105.7,84,86.2,70.6,82.3,65
2008,8,103.9,82,82.6,65,84.5,65.9
2008,9,100.9,78.8,75.8,61.9,83.2,64.3
2008,10,90.7,65,62.3,48,84.9,59.9
2008,11,78.8,55.5,51.2,40.5,77.7,56.5
2008,12,65.5,46.2,44.9,31.3,65.8,48.5
2009,1,70.5,46.9,33.5,22.4,74.2,50.8
2009,2,72.4,49,44.5,28.9,67,49.3
2009,3,79.6,55.3,49.7,35.1,69.5,52
2009,4,84.2,58.6,62.9,46.1,72.3,54
2009,5,98.5,73.8,70.5,54.4,75.4,59.7
2009,6,100,77.4,74.5,60.5,74.5,60.8
2009,7,109.5,87.1,80.4,64.9,83.8,64.3
2009,8,107.2,83.2,82.5,68.9,84.1,64.4
2009,9,101.7,78.3,73,59.6,86.4,66
2009,10,86.4,62.5,61.1,48.8,77.9,59.2
2009,11,80.2,54.7,56.6,45.7,74.9,53
2009,12,63.9,43.4,41.9,29.9,66.1,48.8
2010,1,67.7,47.1,38.1,27,69.4,50.9
2010,2,68.6,49.6,37.9,28.4,68.5,51.4
2010,3,73.6,51.9,55,41.4,72.4,53.3
2010,4,82.5,58.7,67.3,48.4,70.2,53.5
2010,5,91.3,65.2,74.4,56.2,73.6,57.4
2010,6,104.6,77.9,83.1,66.2,77.1,62.6
2010,7,106.6,86.9,90.1,72.6,79.4,64.3
2010,8,104.6,83.4,85.3,69.6,83.2,64
2010,9,104.1,78.9,78.7,63.4,84.3,63.7
2010,10,88.7,66.7,65,51.2,76.4,62.3
2010,11,74.7,51.3,53.6,42.2,71.5,51
2010,12,70.4,48.7,37.7,27.9,66.3,49.9
2011,1,67.8,43.5,34.7,24.6,70.1,48.8
2011,2,67.4,43,43.8,28.3,65,46.2
2011,3,80.8,54.9,49.9,34.7,68.7,50.9
2011,4,86.3,62.2,62.6,46,72.6,55.4
2011,5,91.5,66.1,72.4,56.6,73.6,56
2011,6,104.3,77.3,80.2,64.4,74.5,59
2011,7,106.9,83.5,88.9,71.6,80.7,63.5
2011,8,109,87.5,82.9,67.6,81.7,62.8
2011,9,103.3,79.5,76.2,63.8,79.1,62
2011,10,91.3,66.3,63.8,50.4,76.7,57.4
2011,11,74.1,52.8,58.5,45.2,69.2,51
2011,12,63,43.4,49.7,36.9,65.7,43.7
2012,1,70.9,46.5,44.2,30.4,70.6,47.5
2012,2,72.5,48.1,46.8,34.9,67.1,48
2012,3,79.2,52.5,59.2,42.7,67.3,49.2
2012,4,87.6,62.6,63.6,45.9,72.5,52.7
2012,5,98.2,70.9,72,58.2,73.2,57.7
2012,6,106.5,81,79,63,75.7,60.3
2012,7,104.6,83.2,87.3,70.3,79.4,61.6
2012,8,105.8,84.9,84.2,69.2,86.3,66.9
2012,9,99.2,78.1,75.9,61.7,86.7,65.9
2012,10,91.3,66.4,63.7,52.4,81.1,61.2
2012,11,81.2,55.6,49.7,38,73,53.6
2012,12,66.8,46.6,46.3,36.6,64.3,49
2013,1,64.9,42.3,40.8,29.3,68.1,45.3
2013,2,68.3,46,39.4,28.5,68,46.8
2013,3,82.9,56.1,46.3,34,71.5,52.4
2013,4,88.4,62.3,61.3,44.7,72.4,55.5
2013,5,96,71.9,71.2,54.4,76.5,60.2
2013,6,108.4,81.2,80.3,65,78,62.6
2013,7,105.7,85.7,86.3,73.4,80.8,64
2013,8,105.3,84.1,81.5,67.6,81.8,63.2
2013,9,99.5,77.9,76.3,59.4,83.6,63.5
2013,10,87.1,61.9,66.9,53.5,77.2,57.1
2013,11,77.4,55.9,52.1,38.4,74.5,54.3
2013,12,67.6,45,44.5,32.6,70.8,46.9
2014,1,73.1,46.7,35.4,21.8,74.4,50.1
2014,2,76.8,52,37.5,25.8,70.5,52
2014,3,81.3,56.7,45.5,29.8,72.5,54.9
2014,4,87.4,62.3,61.2,43.4,74.6,55.3
2014,5,95.5,70.8,72.5,55.5,80,60.9
2014,6,106.2,80.1,80.4,64.5,76.7,61.2
2014,7,107.1,85.9,83.5,68.8,84.1,66.4
2014,8,102.3,80.8,82.5,66.6,84.8,65.8
2014,9,99.2,78.8,77.3,62.2,86.1,66.9
2014,10,91.8,68.2,65.9,53.4,82.9,62.8
2014,11,78.3,53.9,51.6,39,76.6,55.5
2014,12,67.2,48.3,45.1,35.9,67.5,50.7
2015,1,69.2,48,36.1,23.6,72.7,51.2
2015,2,77.5,53.8,32.1,15.8,74.3,54
2015,3,84.7,59.6,45.3,30.9,79.1,57.4
2015,4,86.8,61.7,62.6,45.9,75.7,56
2015,5,90.1,67.4,78.4,58.6,71.5,56.8
2015,6,105.9,82.1,78.5,63.9,79.1,62
2015,7,105.1,84.2,85.9,71.7,81.6,65.6
2015,8,107.7,85.6,86.9,71,86.4,67.7
2015,9,100.3,79.4,82.6,66.3,88.3,69
2015,10,90,68.8,65.4,50.7,84.9,66.3
2015,11,73.4,50.8,59.3,46.2,73.8,51.4
2015,12,65.4,43,56.3,45.3,67.1,47.1
2016,1,66.4,44.9,40.8,28.1,66,49.3
2016,2,79.9,51.6,44.8,30.6,77.5,52.4
2016,3,82.4,56.6,57.4,40.4,72.3,54.1
2016,4,85.4,61.6,62.2,44.4,75.8,57.4
2016,5,92,67.8,70.6,55,71.6,58.5
2016,6,107.4,82.1,80.9,63.6,80,62.5
2016,7,108.3,86,86.3,71.1,84.4,65.7
2016,8,102.9,80.9,86.6,71.8,82.5,64.6
2016,9,97.5,75.7,79,64.6,83.2,64.1
2016,10,93.4,68.6,65.8,51.7,79.5,60.4
2016,11,77.9,56.5,56.6,42.9,76.7,54.6
2016,12,68.4,47.4,43.9,32.8,67.2,49.9
2017,1,64.1,46.1,42.7,33.3,65.4,48.7
2017,2,72.2,51.6,48.7,34.5,66.7,52.8
2017,3,83.9,57.4,46.8,31.6,76.7,54.3
2017,4,88.6,61.9,64.9,49.4,77.9,57.8
2017,5,94.5,69.1,68.2,54,75.4,58.7
2017,6,107.9,81.4,79.3,64.7,79.9,62.8
2017,7,106.2,83.8,83.7,69.8,85.7,67
2017,8,105.4,82.6,80.9,67.1,85.1,68
2017,9,99.3,76.4,77.8,63.3,84.1,66.4
2017,10,93.8,67.1,71.2,57,85,63.3
2017,11,82.9,59.5,54.1,39.1,76,56.8
2017,12,71,47.3,40,30.1,73.7,48.2
2018,1,73.9,48.5,38.6,24.7,73.1,51.4
2018,2,71.1,48.4,49.6,34.5,69.8,49
2018,3,78.8,54.9,46.4,33.9,68.5,51.6
2018,4,90.6,64.3,57.1,41.8,73.6,55.1
2018,5,96.5,70.5,75.5,58.3,72,57.9
2018,6,105.4,79.3,79.6,63.7,78.2,61.9
2018,7,107.5,85.5,84.9,70.4,88,69.6
2018,8,105,83.1,84.3,72,87.5,69.1
2018,9,103.5,80.2,76.2,65.2,81.9,64.8
2018,10,83,64.5,63.5,51.9,79.6,61.4
2018,11,75.4,52.2,49.7,39,75.5,54.6
2018,12,66.5,45,45.5,34.8,68.1,49.7
2019,1,67,45,39,26,66.6,49.3
2019,2,63.6,44.6,42.6,29.8,61.5,46.5
2019,3,76.8,54.4,48.7,34.7,69.4,52.7
2019,4,87.9,62.7,63.3,47.6,73.3,56.9
2019,5,87.8,64.6,69.9,54.4,69.9,56.7
2019,6,104,78.1,79,64.3,76,62.6
2019,7,108.2,85.1,87.1,72,83.2,65.6
2019,8,108.2,85.4,82.5,68.5,85,66
2019,9,99.5,78.7,78,62.7,85.2,67.3
2019,10,88.7,62.8,66.3,53.6,83.4,60.5
2019,11,77.8,55.1,50.6,37.1,75.1,54.7
2019,12,65.3,46.9,43.5,33.1,67.7,51.1
2020,1,68.6,45.1,45.2,33.1,70.6,51.1
2020,2,70.9,47,46.5,33.8,72.7,52.4
2020,3,74.5,54.3,55.1,40.9,68.6,54
2020,4,87.4,61.1,57.7,43,74.4,58.7
2020,5,99.7,72.7,69.2,51.4,79.3,61.7
2020,6,105,79.1,81.8,65.6,79.5,63.1
2020,7,109.8,88,87.4,72.6,81.5,62.8
2020,8,110.7,87.4,83.8,70,86.2,67.1
2020,9,104.1,79,75.5,62,86.9,65.5
2020,10,95,66.8,63.9,51.8,83.1,63
2020,11,80.5,55,59.8,46.1,73.4,52.1
2020,12,67.9,43.7,45.1,33.3,71.1,48.9
2021,1,67.9,44.7,39.7,29.8,69.6,48.4
2021,2,73,48.9,38.9,29.4,70.4,50.7
2021,3,76.6,51.7,54.1,37.5,68.7,50.2
2021,4,90,63.3,63.7,45.5,73.2,56.1
2021,5,96.2,70,71.7,54,73.1,59.5
2021,6,108.2,82.5,82.5,66,79.4,62.8
2021,7,103.6,83.7,83,69,83.3,66.5
2021,8,103.2,81.9,83.9,71.2,83.5,65.3
2021,9,100.1,78.4,76.6,64,80.3,62.2
2021,10,86.8,62.7,67.9,56.1,76.2,57
2021,11,83.3,57,52.8,39.7,74.1,54
2021,12,69.2,49.2,49.3,38.3,61.9,47
